2 random numbers [0,2) added together. 3 buckets.
"1 samples","1.000000","0.000000","0.000000",""
"10 samples","0.750000","1.000000","0.750000",""
"100 samples","0.650000","1.000000","0.850000",""
"1000 samples","0.527311","1.000000","0.573529",""
"10000 samples","0.506342","1.000000","0.506946",""
"100000 samples","0.499930","1.000000","0.493571",""
"1000000 samples","0.500245","1.000000","0.501833",""

4 random numbers [0,4) added together. 13 buckets.
"1 samples","0.000000","0.000000","0.000000","1.000000","0.000000","0.000000","0.000000","0.000000","0.000000","0.000000","0.000000","0.000000","0.000000",""
"10 samples","0.000000","0.000000","0.000000","0.666667","0.000000","0.000000","1.000000","0.666667","0.666667","0.000000","0.333333","0.000000","0.000000",""
"100 samples","0.000000","0.041667","0.250000","0.208333","0.458333","0.791667","0.625000","1.000000","0.458333","0.166667","0.166667","0.000000","0.000000",""
"1000 samples","0.026455","0.105820","0.222222","0.391534","0.666667","0.888889","1.000000","0.756614","0.608466","0.396825","0.174603","0.052910","0.000000",""
"10000 samples","0.020011","0.092829","0.223457","0.424125","0.644247","0.812118","1.000000","0.891606","0.696498","0.431351","0.217899","0.081156","0.023346",""
"100000 samples","0.022516","0.092200","0.228624","0.447665","0.696496","0.899428","1.000000","0.902373","0.700364","0.448473","0.221869","0.091334","0.021996",""
"1000000 samples","0.022714","0.090941","0.226746","0.455793","0.701575","0.905904","1.000000","0.911052","0.702981","0.451871","0.227751","0.090401","0.022847",""

